mission id,person id,tagsAll,tagsAny,tagsNotAny,tags,freq,min timeout,max timeout,min rep,max rep,importance,reqMissionAny,reqMissionAll,reqMissionNone,icon,plugin
eis_ddro,,eis_mission,"eis_celeste, eis_military",,,10,30,60,NEUTRAL,,,,,,graphics/icons/missions/dead_drop.png,com.fs.starfarer.api.impl.campaign.rulecmd.EISDeadDropMission
eis_psb,,eis_mission,"eis_military, military",,,10,30,60,NEUTRAL,,,,,,graphics/icons/missions/pirate_system_bounty.png,com.fs.starfarer.api.impl.campaign.rulecmd.EISPirateSystemBounty
eis_ssat,,eis_mission,"eis_celeste, eis_military, military",,,7,30,60,NEUTRAL,,,,,,graphics/icons/missions/spysat.png,com.fs.starfarer.api.impl.campaign.rulecmd.EISSpySatDeployment
eis_mcb,,eis_mission,"eis_celeste, eis_military, military",,priority,10,30,60,NEUTRAL,,,,,,graphics/icons/missions/military_bounty.png,com.fs.starfarer.api.impl.campaign.missions.cb.EISMilitaryCustomBounty
eis_sShip,,eis_mission,"eis_celeste, eis_military, military",,,10,30,60,FAVORABLE,,,,,,,com.fs.starfarer.api.impl.campaign.rulecmd.EISSurplusShipHull
eis_extr,,eis_mission,eis_military,,,10,30,60,FAVORABLE,,,,,,graphics/icons/missions/extraction.png,com.fs.starfarer.api.impl.campaign.rulecmd.EISExtractionMission
eis_sitm,,eis_mission,"eis_celeste, eis_military, military",,,10,30,60,FRIENDLY,,,,,,graphics/icons/missions/blueprint_location.png,com.fs.starfarer.api.impl.campaign.rulecmd.EISBlueprintIntel
,,,,,,,,,,,,,,,,
#DO NOT DELETE THIS hartley interaction still uses it,,,,,,,,,,,,,,,,
eis_cpc,,eis_mission,"eis_celeste, eis_military",,,0,30,60,FRIENDLY,,,,,,graphics/icons/missions/custom_production.png,com.fs.starfarer.api.impl.campaign.rulecmd.EISCustomProductionContract
,,,,,,,,,,,,,,,,
#depreciated,,,,,,,,,,,,,,,,
eis_Com,,eis_mission,"eis_military, military, trade",,,0,30,60,FAVORABLE,,,,,,graphics/icons/missions/cheap_commodity.png,com.fs.starfarer.api.impl.campaign.rulecmd.EISCheapCommodityMission
